section_id,section,source_col,drug,ticker_or_company,rating,earliest_data_date,metrics_json,12 Mo PFS,18 Mo OS,1st Yr Sale (MM USD),24 Mo OS,24 Mo PFS,6 Mo PFS,BICR ORR,CR,CR (Confirmed),DCR,Date,Dosing Schedule,Evaluable Patients,Indication,Innovation,Latest Sale (MM USD),Market Reaction (+1d),Market Reaction (-1d),Median DFS,Median Follow-Up,Median OS,Median PFS,Median Treatment Line,Median rPFS,ORR,ORR (Confirmed),PFS >= 6 Mo,PR,Patient Number,Readout Phase,Response Evaluable Patient,Result,Route,Stable Disease Rate,Stage,Target,Total Treatment Line,Treatment Line,≥50% PSA Decline Rate,≥90% PSA Decline Rate,≥G3 Clinical AE,≥G3 SAE/Patients,≥G3 clinical AE
0,mUC Drug,E,BT5528,BCYC,BIC,2023-12-14 00:00:00,"{""CR"": ""0"", ""DCR"": ""0.5555"", ""Date"": ""2023-12-14 00:00:00"", ""Evaluable Patients"": ""18"", ""Innovation"": ""BTC"", ""Market Reaction (+1d)"": ""0.167333"", ""Market Reaction (-1d)"": ""-0.089253"", ""Median Treatment Line"": ""4"", ""ORR"": ""0.39"", ""PR"": ""0.39"", ""Readout Phase"": ""I/II"", ""Result"": ""Continuing"", ""Total Treatment Line"": ""1+"", ""Treatment Line"": ""1+, mUC"", ""≥G3 SAE/Patients"": ""0.27"", ""≥G3 clinical AE"": ""Anemia, Neutropenia""}",,,,,,,,0,,0.5555,2023-12-14 00:00:00,,18,,BTC,,0.167333,-0.089253,,,,,4,,0.39,,,0.39,,I/II,,Continuing,,,,,1+,"1+, mUC",,,,0.27,"Anemia, Neutropenia"
0,mUC Drug,F,Zelenectide,BCYC,BIC,2021-10-07 00:00:00,"{""DCR"": ""0.75"", ""Date"": ""2021-10-07 00:00:00"", ""Evaluable Patients"": ""4"", ""Innovation"": ""ADC"", ""Market Reaction (+1d)"": ""0.083385"", ""Market Reaction (-1d)"": ""0.167626"", ""ORR"": ""0.25"", ""Readout Phase"": ""I"", ""Result"": ""Continuing"", ""Total Treatment Line"": ""2+"", ""Treatment Line"": ""2+"", ""≥G3 SAE/Patients"": ""0.1428"", ""≥G3 clinical AE"": ""Anemia, Neutropenia""}",,,,,,,,,,0.75,2021-10-07 00:00:00,,4,,ADC,,0.083385,0.167626,,,,,,,0.25,,,,,I,,Continuing,,,,,2+,2+,,,,0.1428,"Anemia, Neutropenia"
0,mUC Drug,J,Padcev,JNJ,BIC,2019-06-03 00:00:00,"{""CR"": ""0.12"", ""Date"": ""2019-06-03 00:00:00"", ""Evaluable Patients"": ""125"", ""Innovation"": ""Mono Antibody"", ""Latest Sale (MM USD)"": ""712"", ""Market Reaction (+1d)"": ""0.017423"", ""Market Reaction (-1d)"": ""0.002211"", ""Median OS"": ""11.7"", ""Median rPFS"": ""5.8"", ""ORR"": ""0.44"", ""Readout Phase"": ""II"", ""Result"": ""Approved"", ""Total Treatment Line"": ""1+"", ""Treatment Line"": ""2+"", ""≥G3 SAE/Patients"": ""14% (Mono), 53.9% (+KEYTRUDA)""}",,,,,,,,0.12,,,2019-06-03 00:00:00,,125,,Mono Antibody,712,0.017423,0.002211,,,11.7,,,5.8,0.44,,,,,II,,Approved,,,,,1+,2+,,,,"14% (Mono), 53.9% (+KEYTRUDA)",
0,mUC Drug,Q,Balversa,4503 JP Equity,,2018-06-03 00:00:00,"{""CR"": ""0.03"", ""DCR"": ""0.8"", ""Date"": ""2018-06-03 00:00:00"", ""Evaluable Patients"": ""99"", ""Innovation"": ""Oral"", ""Latest Sale (MM USD)"": ""107"", ""Market Reaction (+1d)"": ""0.003247"", ""Market Reaction (-1d)"": ""0.017723"", ""Median OS"": ""13.8"", ""Median rPFS"": ""5.5"", ""ORR"": ""0.4"", ""PR"": ""0.37"", ""Readout Phase"": ""II"", ""Result"": ""Approved"", ""Total Treatment Line"": ""1+"", ""Treatment Line"": ""1"", ""≥G3 SAE/Patients"": ""0.459"", ""≥G3 clinical AE"": ""1 Patient died""}",,,,,,,,0.03,,0.8,2018-06-03 00:00:00,,99,,Oral,107,0.003247,0.017723,,,13.8,,,5.5,0.4,,,0.37,,II,,Approved,,,,,1+,1,,,,0.459,1 Patient died
0,mUC Drug,T,Yervoy,BMY,,2023-10-22 00:00:00,"{""CR"": ""0.217"", ""Date"": ""2023-10-22 00:00:00"", ""Evaluable Patients"": ""304"", ""Innovation"": ""Mono Antibody"", ""Market Reaction (+1d)"": ""-0.008147"", ""Market Reaction (-1d)"": ""-0.000354"", ""Median OS"": ""21.7"", ""Median rPFS"": ""7.9"", ""ORR"": ""0.576"", ""PR"": ""0.359"", ""Readout Phase"": ""III"", ""Result"": ""Continuing"", ""Total Treatment Line"": ""1"", ""Treatment Line"": ""1L, +Gemzar"", ""≥G3 SAE/Patients"": ""0.618""}",,,,,,,,0.217,,,2023-10-22 00:00:00,,304,,Mono Antibody,,-0.008147,-0.000354,,,21.7,,,7.9,0.576,,,0.359,,III,,Continuing,,,,,1,"1L, +Gemzar",,,,0.618,
0,mUC Drug,U,Cabometyx,BMY,,2018-06-02 00:00:00,"{""Date"": ""2018-06-02 00:00:00"", ""Evaluable Patients"": ""15"", ""Innovation"": ""Mono Antibody"", ""Market Reaction (+1d)"": ""-0.031621"", ""Market Reaction (-1d)"": ""0.009692"", ""Median rPFS"": ""24.1"", ""ORR"": ""0.5"", ""Readout Phase"": ""II"", ""Result"": ""Continuing"", ""Total Treatment Line"": ""1+"", ""Treatment Line"": ""1L, +Opdivo"", ""≥G3 SAE/Patients"": ""0.45"", ""≥G3 clinical AE"": ""Fatigue, HTN, Thromboembolic events (14%)""}",,,,,,,,,,,2018-06-02 00:00:00,,15,,Mono Antibody,,-0.031621,0.009692,,,,,,24.1,0.5,,,,,II,,Continuing,,,,,1+,"1L, +Opdivo",,,,0.45,"Fatigue, HTN, Thromboembolic events (14%)"
1,+ KEYTRUDA 1L Melanoma,E,IOB-013,,BIC,,"{""CR (Confirmed)"": ""0.35"", ""Innovation"": ""Cancer Vaccine"", ""Median Follow-Up"": ""32.4"", ""Median OS"": ""-"", ""Median PFS"": ""22"", ""ORR (Confirmed)"": ""0.7"", ""Patient Number"": ""225"", ""Readout Phase"": ""III"", ""Result"": ""-"", ""Stage"": ""Metastatic""}",,,,,,,,,0.35,,,,,,Cancer Vaccine,,,,,32.4,-,22,,,,0.7,,,225,III,,-,,,Metastatic,,,,,,,,
1,+ KEYTRUDA 1L Melanoma,F,IOB-103 (OPDIVO),,BIC,44659,"{""CR (Confirmed)"": ""0.467"", ""Date"": ""44659"", ""Median Follow-Up"": ""32.4"", ""Median OS"": ""-"", ""Median PFS"": ""25.3"", ""ORR (Confirmed)"": ""0.73"", ""Patient Number"": ""30"", ""Readout Phase"": ""I/II"", ""Result"": ""Into Phase III""}",,,,,,,,,0.467,,44659,,,,,,,,,32.4,-,25.3,,,,0.73,,,30,I/II,,Into Phase III,,,,,,,,,,,
1,+ KEYTRUDA 1L Melanoma,G,EVX-01,,AVG,45460,"{""CR (Confirmed)"": ""0.167"", ""Date"": ""45460"", ""Innovation"": ""Cancer Vaccine"", ""Median Follow-Up"": ""-"", ""Median OS"": ""-"", ""Median PFS"": ""-"", ""ORR (Confirmed)"": ""0.67"", ""PFS >= 6 Mo"": ""-"", ""Patient Number"": ""12"", ""Readout Phase"": ""I/II"", ""Result"": ""Continuing"", ""Stage"": ""Metastatic""}",,,,,,,,,0.167,,45460,,,,Cancer Vaccine,,,,,-,-,-,,,,0.67,-,,12,I/II,,Continuing,,,Metastatic,,,,,,,,
1,+ KEYTRUDA 1L Melanoma,H,Amtagvi,,T1,44656,"{""CR (Confirmed)"": ""0.25"", ""Date"": ""44656"", ""Innovation"": ""Oral"", ""Median Follow-Up"": ""-"", ""Median OS"": ""-"", ""Median PFS"": ""-"", ""ORR (Confirmed)"": ""0.67"", ""PFS >= 6 Mo"": ""-"", ""Patient Number"": ""12"", ""Readout Phase"": ""I/II"", ""Result"": ""Approved"", ""Stage"": ""Advanced""}",,,,,,,,,0.25,,44656,,,,Oral,,,,,-,-,-,,,,0.67,-,,12,I/II,,Approved,,,Advanced,,,,,,,,
1,+ KEYTRUDA 1L Melanoma,J,Imlygic,,AVG,42537,"{""CR (Confirmed)"": ""0.14"", ""Date"": ""42537"", ""Innovation"": ""Viral Vector"", ""Median Follow-Up"": ""-"", ""Median OS"": ""-"", ""Median PFS"": ""-"", ""ORR (Confirmed)"": ""0.48"", ""PFS >= 6 Mo"": ""-"", ""Patient Number"": ""21"", ""Readout Phase"": ""I/III"", ""Result"": ""Terminated"", ""Stage"": ""Advanced""}",,,,,,,,,0.14,,42537,,,,Viral Vector,,,,,-,-,-,,,,0.48,-,,21,I/III,,Terminated,,,Advanced,,,,,,,,
1,+ KEYTRUDA 1L Melanoma,K,PV-10,,T1,43619,"{""CR (Confirmed)"": ""0.09"", ""Date"": ""43619"", ""Innovation"": ""Molecule"", ""Median Follow-Up"": ""24"", ""Median OS"": ""-"", ""Median PFS"": ""12.3 Mo"", ""ORR (Confirmed)"": ""0.65"", ""PFS >= 6 Mo"": ""-"", ""Patient Number"": ""23"", ""Readout Phase"": ""II"", ""Result"": ""Continuing"", ""Stage"": ""Advanced""}",,,,,,,,,0.09,,43619,,,,Molecule,,,,,24,-,12.3 Mo,,,,0.65,-,,23,II,,Continuing,,,Advanced,,,,,,,,
1,+ KEYTRUDA 1L Melanoma,M,TAVO,,AVG,43957,"{""CR (Confirmed)"": ""0.36"", ""Date"": ""43957"", ""Innovation"": ""Gene Therapy"", ""Median Follow-Up"": ""19.3"", ""Median OS"": ""-"", ""Median PFS"": ""5.6"", ""ORR (Confirmed)"": ""0.41"", ""PFS >= 6 Mo"": ""-"", ""Patient Number"": ""22"", ""Readout Phase"": ""II"", ""Result"": ""Continuing"", ""Stage"": ""Advanced""}",,,,,,,,,0.36,,43957,,,,Gene Therapy,,,,,19.3,-,5.6,,,,0.41,-,,22,II,,Continuing,,,Advanced,,,,,,,,
1,+ KEYTRUDA 1L Melanoma,N,KEYTRUDA,,,,"{""CR (Confirmed)"": ""0.0859"", ""Median Follow-Up"": ""55"", ""Median PFS"": ""16.9 Mo"", ""ORR (Confirmed)"": ""0.342"", ""Stage"": ""Metastatic""}",,,,,,,,,0.0859,,,,,,,,,,,55,,16.9 Mo,,,,0.342,,,,,,,,,Metastatic,,,,,,,,
1,+ KEYTRUDA 1L Melanoma,O,Autogene Cevumeran,,,,"{""Innovation"": ""Cancer Vaccine"", ""Result"": ""Delayed""}",,,,,,,,,,,,,,,Cancer Vaccine,,,,,,,,,,,,,,,,,Delayed,,,,,,,,,,,
2,+ KEYTRUDA 1L NSCLC,E,IOB-022,IOBT,T1,45222,"{""Date"": ""45222"", ""Innovation"": ""Cancer Vaccine"", ""ORR (Confirmed)"": ""0.56"", ""PFS >= 6 Mo"": ""12:00:00"", ""Patient Number"": ""18"", ""Readout Phase"": ""II"", ""Stage"": ""Metastatic""}",,,,,,,,,,,45222,,,,Cancer Vaccine,,,,,,,,,,,0.56,12:00:00,,18,II,,,,,Metastatic,,,,,,,,
2,+ KEYTRUDA 1L NSCLC,F,Cyramza,LLY,AVG,43656,"{""Date"": ""43656"", ""Innovation"": ""Mono Antibody"", ""Median Follow-Up"": ""-"", ""Median OS"": ""-"", ""Median PFS"": ""-"", ""ORR (Confirmed)"": ""0.3"", ""PFS >= 6 Mo"": ""-"", ""Patient Number"": ""27"", ""Readout Phase"": ""I"", ""Result"": ""Approved"", ""Stage"": ""Advanced""}",,,,,,,,,,,43656,,,,Mono Antibody,,,,,-,-,-,,,,0.3,-,,27,I,,Approved,,,Advanced,,,,,,,,
2,+ KEYTRUDA 1L NSCLC,G,Enoblituzumab,MGNX,AVG,43415,"{""Date"": ""43415"", ""Innovation"": ""Mono Antibody"", ""Median Follow-Up"": ""-"", ""Median OS"": ""-"", ""Median PFS"": ""-"", ""ORR (Confirmed)"": ""0.357"", ""PFS >= 6 Mo"": ""-"", ""Patient Number"": ""14"", ""Readout Phase"": ""I"", ""Result"": ""Continuing"", ""Stage"": ""Any""}",,,,,,,,,,,43415,,,,Mono Antibody,,,,,-,-,-,,,,0.357,-,,14,I,,Continuing,,,Any,,,,,,,,
2,+ KEYTRUDA 1L NSCLC,H,IMP-321,IMMP,AVG,43777,"{""Date"": ""43777"", ""Innovation"": ""Protein"", ""Median Follow-Up"": ""5.6"", ""Median OS"": ""-"", ""Median PFS"": ""-"", ""ORR (Confirmed)"": ""0.41"", ""PFS >= 6 Mo"": ""-"", ""Patient Number"": ""17"", ""Readout Phase"": ""I"", ""Result"": ""Continuing"", ""Stage"": ""Any""}",,,,,,,,,,,43777,,,,Protein,,,,,5.6,-,-,,,,0.41,-,,17,I,,Continuing,,,Any,,,,,,,,
2,+ KEYTRUDA 1L NSCLC,J,Krazati,BMY,BIC,44902,"{""Date"": ""44902"", ""Innovation"": ""Oral"", ""Median Follow-Up"": ""19.3"", ""Median OS"": ""-"", ""Median PFS"": ""-"", ""ORR (Confirmed)"": ""0.57"", ""PFS >= 6 Mo"": ""-"", ""Patient Number"": ""7"", ""Readout Phase"": ""III"", ""Result"": ""Approved"", ""Stage"": ""Any""}",,,,,,,,,,,44902,,,,Oral,,,,,19.3,-,-,,,,0.57,-,,7,III,,Approved,,,Any,,,,,,,,
2,+ KEYTRUDA 1L NSCLC,K,Lenvima,4523 JP Equity,BIC,44540,"{""Date"": ""44540"", ""Innovation"": ""Oral"", ""Median Follow-Up"": ""-"", ""Median OS"": ""-"", ""Median PFS"": ""6.6"", ""ORR (Confirmed)"": ""0.405"", ""PFS >= 6 Mo"": ""15:41:45.600000"", ""Patient Number"": ""309"", ""Readout Phase"": ""III"", ""Result"": ""Continuing"", ""Stage"": ""Metastatic""}",,,,,,,,,,,44540,,,,Oral,,,,,-,-,6.6,,,,0.405,15:41:45.600000,,309,III,,Continuing,,,Metastatic,,,,,,,,
2,+ KEYTRUDA 1L NSCLC,L,MK-1308,MRK,AVG,44120,"{""Date"": ""44120"", ""Innovation"": ""Mono Antibody"", ""Median Follow-Up"": ""16.9"", ""Median OS"": ""16.5"", ""Median PFS"": ""6.1"", ""ORR (Confirmed)"": ""0.351"", ""PFS >= 6 Mo"": ""-"", ""Patient Number"": ""134"", ""Readout Phase"": ""I/II"", ""Result"": ""Continuing"", ""Stage"": ""Advanced""}",,,,,,,,,,,44120,,,,Mono Antibody,,,,,16.9,16.5,6.1,,,,0.351,-,,134,I/II,,Continuing,,,Advanced,,,,,,,,
2,+ KEYTRUDA 1L NSCLC,M,Portrazza,LLY,AVG,42710,"{""Date"": ""42710"", ""Innovation"": ""Mono Antibody"", ""Median Follow-Up"": ""6"", ""Median OS"": ""-"", ""Median PFS"": ""6.9"", ""ORR (Confirmed)"": ""0.294"", ""PFS >= 6 Mo"": ""13:13:26.400000"", ""Patient Number"": ""34"", ""Readout Phase"": ""I"", ""Result"": ""Approved"", ""Stage"": ""Advanced""}",,,,,,,,,,,42710,,,,Mono Antibody,,,,,6,-,6.9,,,,0.294,13:13:26.400000,,34,I,,Approved,,,Advanced,,,,,,,,
2,+ KEYTRUDA 1L NSCLC,N,KEYTRUDA + Placebo,MRK,,,"{""ORR (Confirmed)"": ""0.277"", ""Patient Number"": ""314"", ""Stage"": ""Metastatic""}",,,,,,,,,,,,,,,,,,,,,,,,,,0.277,,,314,,,,,,Metastatic,,,,,,,,
3,ROS1-Positive NSCLC Drug,E,Zidesamtinib,NUVL,T1,44862,"{""12 Mo PFS"": ""\\"", ""18 Mo OS"": ""\\"", ""1st Yr Sale (MM USD)"": ""\\"", ""24 Mo OS"": ""\\"", ""24 Mo PFS"": ""\\"", ""6 Mo PFS"": ""\\"", ""BICR ORR"": ""0.78"", ""Date"": ""44862"", ""Indication"": ""ROS1+ NSCLC"", ""Median Follow-Up"": ""\\"", ""Median rPFS"": ""\\"", ""Patient Number"": ""9"", ""Readout Phase"": ""1/2"", ""Result"": ""Continuing"", ""Target"": ""ROS1"", ""Total Treatment Line"": ""1+"", ""Treatment Line"": ""1L, ROS1 Mut""}",\,\,\,\,\,\,0.78,,,,44862,,,ROS1+ NSCLC,,,,,,\,,,,\,,,,,9,1/2,,Continuing,,,,ROS1,1+,"1L, ROS1 Mut",,,,,
3,ROS1-Positive NSCLC Drug,I,Taletrectinib,NUVB,BIC,,"{""12 Mo PFS"": ""\\"", ""18 Mo OS"": ""\\"", ""1st Yr Sale (MM USD)"": ""\\"", ""24 Mo OS"": ""\\"", ""24 Mo PFS"": ""\\"", ""6 Mo PFS"": ""\\"", ""BICR ORR"": ""0.667"", ""Indication"": ""ROS1+ TKI Naïve"", ""Median Follow-Up"": ""\\"", ""Median rPFS"": ""29.1"", ""Patient Number"": ""9"", ""Readout Phase"": ""1"", ""Result"": ""Continuing"", ""Target"": ""Trk/ROS1"", ""Treatment Line"": ""1900-01-01 00:00:00""}",\,\,\,\,\,\,0.667,,,,,,,ROS1+ TKI Naïve,,,,,,\,,,,29.1,,,,,9,1,,Continuing,,,,Trk/ROS1,,1900-01-01 00:00:00,,,,,
3,ROS1-Positive NSCLC Drug,R,Augtyro,4503 JP Equity,BIC,43620,"{""12 Mo PFS"": ""\\"", ""18 Mo OS"": ""\\"", ""1st Yr Sale (MM USD)"": ""49"", ""24 Mo OS"": ""\\"", ""24 Mo PFS"": ""\\"", ""6 Mo PFS"": ""\\"", ""BICR ORR"": ""0.7"", ""Date"": ""43620"", ""Indication"": ""ROS1+ TKI Naïve"", ""Median Follow-Up"": ""\\"", ""Median rPFS"": ""\\"", ""Patient Number"": ""10"", ""Readout Phase"": ""1"", ""Result"": ""Approved"", ""Target"": ""ALK/Trk/ROS1"", ""Treatment Line"": ""1900-01-01 00:00:00""}",\,\,49,\,\,\,0.7,,,,43620,,,ROS1+ TKI Naïve,,,,,,\,,,,\,,,,,10,1,,Approved,,,,ALK/Trk/ROS1,,1900-01-01 00:00:00,,,,,
3,ROS1-Positive NSCLC Drug,V,Rozlytrek,,AVG,43756,"{""12 Mo PFS"": ""\\"", ""18 Mo OS"": ""\\"", ""1st Yr Sale (MM USD)"": ""28"", ""24 Mo OS"": ""\\"", ""24 Mo PFS"": ""\\"", ""6 Mo PFS"": ""\\"", ""BICR ORR"": ""0.69"", ""Date"": ""43756"", ""Indication"": ""ROS1+ NSCLC"", ""Median Follow-Up"": ""8.5"", ""Median rPFS"": ""29.6"", ""Patient Number"": ""32"", ""Readout Phase"": ""2"", ""Result"": ""Approved"", ""Target"": ""ALK/Trk/ROS1"", ""Treatment Line"": ""1+""}",\,\,28,\,\,\,0.69,,,,43756,,,ROS1+ NSCLC,,,,,,8.5,,,,29.6,,,,,32,2,,Approved,,,,ALK/Trk/ROS1,,1+,,,,,
3,ROS1-Positive NSCLC Drug,X,APG-2449,,AVG,2022-06-07 00:00:00,"{""12 Mo PFS"": ""\\"", ""18 Mo OS"": ""\\"", ""1st Yr Sale (MM USD)"": ""\\"", ""24 Mo OS"": ""\\"", ""24 Mo PFS"": ""\\"", ""6 Mo PFS"": ""\\"", ""BICR ORR"": ""0.286"", ""Date"": ""2022-06-07 00:00:00"", ""Indication"": ""ALK+/ROS1+ NSCLC TKI Pretreated"", ""Median Follow-Up"": ""\\"", ""Median rPFS"": ""\\"", ""Patient Number"": ""14"", ""Readout Phase"": ""1"", ""Result"": ""Continuing"", ""Target"": ""FAK/ALK/ROS1"", ""Treatment Line"": ""2""}",\,\,\,\,\,\,0.286,,,,2022-06-07 00:00:00,,,ALK+/ROS1+ NSCLC TKI Pretreated,,,,,,\,,,,\,,,,,14,1,,Continuing,,,,FAK/ALK/ROS1,,2,,,,,
3,ROS1-Positive NSCLC Drug,Z,TSR-011,,,2013-09-30 00:00:00,"{""12 Mo PFS"": ""\\"", ""18 Mo OS"": ""\\"", ""1st Yr Sale (MM USD)"": ""\\"", ""24 Mo OS"": ""\\"", ""24 Mo PFS"": ""\\"", ""6 Mo PFS"": ""\\"", ""BICR ORR"": ""0"", ""Date"": ""2013-09-30 00:00:00"", ""Indication"": ""ALK+ NSCLC"", ""Median Follow-Up"": ""\\"", ""Median rPFS"": ""\\"", ""Patient Number"": ""17"", ""Readout Phase"": ""1"", ""Result"": ""Suspended"", ""Target"": ""ALK/Trk"", ""Treatment Line"": ""2""}",\,\,\,\,\,\,0,,,,2013-09-30 00:00:00,,,ALK+ NSCLC,,,,,,\,,,,\,,,,,17,1,,Suspended,,,,ALK/Trk,,2,,,,,
3,ROS1-Positive NSCLC Drug,AA,Xospata,,,2016-12-08 00:00:00,"{""12 Mo PFS"": ""\\"", ""18 Mo OS"": ""\\"", ""1st Yr Sale (MM USD)"": ""\\"", ""24 Mo OS"": ""\\"", ""24 Mo PFS"": ""\\"", ""6 Mo PFS"": ""\\"", ""BICR ORR"": ""\\"", ""Date"": ""2016-12-08 00:00:00"", ""Indication"": ""EGFR+ NSCLC"", ""Median Follow-Up"": ""\\"", ""Median rPFS"": ""\\"", ""Patient Number"": ""Severe Adverse Event"", ""Readout Phase"": ""1"", ""Result"": ""Suspended"", ""Target"": ""ALK"", ""Treatment Line"": ""2""}",\,\,\,\,\,\,\,,,,2016-12-08 00:00:00,,,EGFR+ NSCLC,,,,,,\,,,,\,,,,,Severe Adverse Event,1,,Suspended,,,,ALK,,2,,,,,
4,ALK-Positive NSCLC Drug,E,NVL-655,NUVL,BIC,45212,"{""12 Mo PFS"": ""\\"", ""18 Mo OS"": ""\\"", ""1st Yr Sale (MM USD)"": ""\\"", ""24 Mo OS"": ""\\"", ""24 Mo PFS"": ""\\"", ""6 Mo PFS"": ""\\"", ""BICR ORR"": ""0.39"", ""Date"": ""45212"", ""Indication"": ""ALK+ NSCLC"", ""Median Follow-Up"": ""\\"", ""Median rPFS"": ""\\"", ""Patient Number"": ""51"", ""Readout Phase"": ""1/2"", ""Result"": ""Continuing"", ""Target"": ""ALK"", ""Total Treatment Line"": ""1+"", ""Treatment Line"": ""3+""}",\,\,\,\,\,\,0.39,,,,45212,,,ALK+ NSCLC,,,,,,\,,,,\,,,,,51,1/2,,Continuing,,,,ALK,1+,3+,,,,,
4,ALK-Positive NSCLC Drug,N,Zykadia,NVS,T1,42652,"{""12 Mo PFS"": ""\\"", ""18 Mo OS"": ""0.734"", ""1st Yr Sale (MM USD)"": ""72"", ""24 Mo OS"": ""\\"", ""24 Mo PFS"": ""\\"", ""6 Mo PFS"": ""\\"", ""BICR ORR"": ""0.637"", ""Date"": ""42652"", ""Indication"": ""ALK+ NSCLC"", ""Median Follow-Up"": ""25.9"", ""Median rPFS"": ""18.4"", ""Patient Number"": ""124"", ""Readout Phase"": ""2"", ""Result"": ""Approved"", ""Target"": ""ALK/ROS1"", ""Total Treatment Line"": ""1+"", ""Treatment Line"": ""1+""}",\,0.734,72,\,\,\,0.637,,,,42652,,,ALK+ NSCLC,,,,,,25.9,,,,18.4,,,,,124,2,,Approved,,,,ALK/ROS1,1+,1+,,,,,
4,ALK-Positive NSCLC Drug,P,Lobrena,,BIC,43754,"{""12 Mo PFS"": ""\\"", ""18 Mo OS"": ""\\"", ""1st Yr Sale (MM USD)"": ""96"", ""24 Mo OS"": ""\\"", ""24 Mo PFS"": ""\\"", ""6 Mo PFS"": ""\\"", ""BICR ORR"": ""0.9"", ""Date"": ""43754"", ""Indication"": ""ALK+ NSCLC"", ""Median Follow-Up"": ""\\"", ""Median rPFS"": ""\\"", ""Patient Number"": ""30"", ""Readout Phase"": ""2"", ""Result"": ""Approved"", ""Target"": ""ALK/ROS1"", ""Total Treatment Line"": ""1+"", ""Treatment Line"": ""1+""}",\,\,96,\,\,\,0.9,,,,43754,,,ALK+ NSCLC,,,,,,\,,,,\,,,,,30,2,,Approved,,,,ALK/ROS1,1+,1+,,,,,
4,ALK-Positive NSCLC Drug,S,Xalkori,4503 JP Equity,T1,40335,"{""12 Mo PFS"": ""\\"", ""18 Mo OS"": ""\\"", ""1st Yr Sale (MM USD)"": ""123"", ""24 Mo OS"": ""\\"", ""24 Mo PFS"": ""\\"", ""6 Mo PFS"": ""0.72"", ""BICR ORR"": ""0.57"", ""Date"": ""40335"", ""Indication"": ""ALK+ NSCLC"", ""Median Follow-Up"": ""\\"", ""Median rPFS"": ""\\"", ""Patient Number"": ""14"", ""Readout Phase"": ""1"", ""Result"": ""Approved"", ""Target"": ""ALK/ROS1"", ""Total Treatment Line"": ""1+"", ""Treatment Line"": ""1+""}",\,\,123,\,\,0.72,0.57,,,,40335,,,ALK+ NSCLC,,,,,,\,,,,\,,,,,14,1,,Approved,,,,ALK/ROS1,1+,1+,,,,,
4,ALK-Positive NSCLC Drug,V,Alunbrig,,AVG,43792,"{""12 Mo PFS"": ""\\"", ""18 Mo OS"": ""\\"", ""1st Yr Sale (MM USD)"": ""\\"", ""24 Mo OS"": ""\\"", ""24 Mo PFS"": ""\\"", ""6 Mo PFS"": ""\\"", ""BICR ORR"": ""\\"", ""Date"": ""43792"", ""Indication"": ""ALK+ NSCLC"", ""Median Follow-Up"": ""\\"", ""Median rPFS"": ""11.1"", ""Patient Number"": ""170"", ""Readout Phase"": ""3"", ""Result"": ""Approved"", ""Target"": ""HER2"", ""Total Treatment Line"": ""1+"", ""Treatment Line"": ""1900-01-01 00:00:00""}",\,\,\,\,\,\,\,,,,43792,,,ALK+ NSCLC,,,,,,\,,,,11.1,,,,,170,3,,Approved,,,,HER2,1+,1900-01-01 00:00:00,,,,,
4,ALK-Positive NSCLC Drug,W,APG-2449,,AVG,2022-06-07 00:00:00,"{""12 Mo PFS"": ""\\"", ""18 Mo OS"": ""\\"", ""1st Yr Sale (MM USD)"": ""\\"", ""24 Mo OS"": ""\\"", ""24 Mo PFS"": ""\\"", ""6 Mo PFS"": ""\\"", ""BICR ORR"": ""0.286"", ""Date"": ""2022-06-07 00:00:00"", ""Indication"": ""ALK+/ROS1+ NSCLC TKI Pretreated"", ""Median Follow-Up"": ""\\"", ""Median rPFS"": ""\\"", ""Patient Number"": ""14"", ""Readout Phase"": ""1"", ""Result"": ""Continuing"", ""Target"": ""FAK/ALK/ROS1"", ""Treatment Line"": ""2""}",\,\,\,\,\,\,0.286,,,,2022-06-07 00:00:00,,,ALK+/ROS1+ NSCLC TKI Pretreated,,,,,,\,,,,\,,,,,14,1,,Continuing,,,,FAK/ALK/ROS1,,2,,,,,
4,ALK-Positive NSCLC Drug,Y,WX-0593,,BIC,2022-06-06 00:00:00,"{""12 Mo PFS"": ""\\"", ""18 Mo OS"": ""0.819"", ""1st Yr Sale (MM USD)"": ""\\"", ""24 Mo OS"": ""\\"", ""24 Mo PFS"": ""\\"", ""6 Mo PFS"": ""\\"", ""BICR ORR"": ""0.678"", ""Date"": ""2022-06-06 00:00:00"", ""Indication"": ""ALK+ NSCLC"", ""Median Follow-Up"": ""\\"", ""Median rPFS"": ""14.4"", ""Patient Number"": ""146"", ""Readout Phase"": ""2"", ""Result"": ""Continuing"", ""Target"": ""ALK/ROS1"", ""Treatment Line"": ""2""}",\,0.819,\,\,\,\,0.678,,,,2022-06-06 00:00:00,,,ALK+ NSCLC,,,,,,\,,,,14.4,,,,,146,2,,Continuing,,,,ALK/ROS1,,2,,,,,
4,ALK-Positive NSCLC Drug,AA,Ensartinib,,BIC,2014-05-31 00:00:00,"{""12 Mo PFS"": ""\\"", ""18 Mo OS"": ""\\"", ""1st Yr Sale (MM USD)"": ""\\"", ""24 Mo OS"": ""\\"", ""24 Mo PFS"": ""\\"", ""6 Mo PFS"": ""\\"", ""BICR ORR"": ""0.83"", ""Date"": ""2014-05-31 00:00:00"", ""Indication"": ""ALK+ NSCLC"", ""Median Follow-Up"": ""\\"", ""Median rPFS"": ""\\"", ""Patient Number"": ""18"", ""Readout Phase"": ""1"", ""Result"": ""NDA"", ""Target"": ""ALK"", ""Treatment Line"": ""1+""}",\,\,\,\,\,\,0.83,,,,2014-05-31 00:00:00,,,ALK+ NSCLC,,,,,,\,,,,\,,,,,18,1,,NDA,,,,ALK,,1+,,,,,
4,ALK-Positive NSCLC Drug,AE,TSR-011,,,2013-09-30 00:00:00,"{""12 Mo PFS"": ""\\"", ""18 Mo OS"": ""\\"", ""1st Yr Sale (MM USD)"": ""\\"", ""24 Mo OS"": ""\\"", ""24 Mo PFS"": ""\\"", ""6 Mo PFS"": ""\\"", ""BICR ORR"": ""0"", ""Date"": ""2013-09-30 00:00:00"", ""Indication"": ""ALK+ NSCLC"", ""Median Follow-Up"": ""\\"", ""Median rPFS"": ""\\"", ""Patient Number"": ""17"", ""Readout Phase"": ""1"", ""Result"": ""Suspended"", ""Target"": ""ALK/Trk"", ""Treatment Line"": ""2""}",\,\,\,\,\,\,0,,,,2013-09-30 00:00:00,,,ALK+ NSCLC,,,,,,\,,,,\,,,,,17,1,,Suspended,,,,ALK/Trk,,2,,,,,
4,ALK-Positive NSCLC Drug,AF,Xospata,,,2016-12-08 00:00:00,"{""12 Mo PFS"": ""\\"", ""18 Mo OS"": ""\\"", ""1st Yr Sale (MM USD)"": ""\\"", ""24 Mo OS"": ""\\"", ""24 Mo PFS"": ""\\"", ""6 Mo PFS"": ""\\"", ""BICR ORR"": ""\\"", ""Date"": ""2016-12-08 00:00:00"", ""Indication"": ""EGFR+ NSCLC"", ""Median Follow-Up"": ""\\"", ""Median rPFS"": ""\\"", ""Patient Number"": ""Severe Adverse Event"", ""Readout Phase"": ""1"", ""Result"": ""Suspended"", ""Target"": ""ALK"", ""Treatment Line"": ""2""}",\,\,\,\,\,\,\,,,,2016-12-08 00:00:00,,,EGFR+ NSCLC,,,,,,\,,,,\,,,,,Severe Adverse Event,1,,Suspended,,,,ALK,,2,,,,,
5,EGFR-Positive NSCLC Drug,E,Tagrisso,AZN,BIC,43980,"{""BICR ORR"": ""\\"", ""Date"": ""43980"", ""Indication"": ""Early Stage"", ""Median DFS"": ""≥ 36 Mo"", ""Median rPFS"": ""\\"", ""Patient Number"": ""1900-10-03 00:00:00"", ""Readout Phase"": ""3"", ""Target"": ""HER2"", ""Total Treatment Line"": ""1+, Adjuvant"", ""Treatment Line"": ""1+""}",,,,,,,\,,,,43980,,,Early Stage,,,,,≥ 36 Mo,,,,,\,,,,,1900-10-03 00:00:00,3,,,,,,HER2,"1+, Adjuvant",1+,,,,,
5,EGFR-Positive NSCLC Drug,F,Iressa,AZN,AVG,42255,"{""BICR ORR"": ""0.698"", ""Date"": ""42255"", ""Indication"": ""All"", ""Median OS"": ""19.2"", ""Median rPFS"": ""9.7"", ""Readout Phase"": ""4"", ""Target"": ""HER2"", ""Total Treatment Line"": ""1+"", ""Treatment Line"": ""1+""}",,,,,,,0.698,,,,42255,,,All,,,,,,,19.2,,,9.7,,,,,,4,,,,,,HER2,1+,1+,,,,,
5,EGFR-Positive NSCLC Drug,G,Rybrevant,JNJ,T1,44224,"{""BICR ORR"": ""0.4"", ""Date"": ""44224"", ""Indication"": ""Advanced"", ""Median OS"": ""22.8"", ""Median rPFS"": ""8.3"", ""Patient Number"": ""1900-03-21 00:00:00"", ""Readout Phase"": ""3"", ""Target"": ""HER2"", ""Total Treatment Line"": ""1,2"", ""Treatment Line"": ""2""}",,,,,,,0.4,,,,44224,,,Advanced,,,,,,,22.8,,,8.3,,,,,1900-03-21 00:00:00,3,,,,,,HER2,"1,2",2,,,,,
5,EGFR-Positive NSCLC Drug,H,Lazcluze,0,T1,45435,"{""BICR ORR"": ""0.3"", ""Date"": ""45435"", ""Indication"": ""All"", ""Median rPFS"": ""6.1"", ""Patient Number"": ""1900-07-24 00:00:00"", ""Readout Phase"": ""3"", ""Target"": ""HER2"", ""Total Treatment Line"": ""1,2"", ""Treatment Line"": ""2""}",,,,,,,0.3,,,,45435,,,All,,,,,,,,,,6.1,,,,,1900-07-24 00:00:00,3,,,,,,HER2,"1,2",2,,,,,
5,EGFR-Positive NSCLC Drug,I,Vizimpro,PFE,AVG,43792,"{""BICR ORR"": ""\\"", ""Date"": ""43792"", ""Indication"": ""Advanced"", ""Median DFS"": ""\\"", ""Median OS"": ""37.7"", ""Median rPFS"": ""16.5"", ""Patient Number"": ""1900-06-18 00:00:00"", ""Readout Phase"": ""3"", ""Target"": ""HER2"", ""Total Treatment Line"": ""1+"", ""Treatment Line"": ""1""}",,,,,,,\,,,,43792,,,Advanced,,,,,\,,37.7,,,16.5,,,,,1900-06-18 00:00:00,3,,,,,,HER2,1+,1,,,,,
6,+ KEYTRUDA 1L HNSCC,E,IOB-022,IOBT,T1,45222,"{""CR (Confirmed)"": ""0"", ""Date"": ""45222"", ""Innovation"": ""Cancer Vaccine"", ""ORR (Confirmed)"": ""0.5"", ""PFS >= 6 Mo"": ""1900-01-01 00:00:00"", ""Patient Number"": ""6"", ""Readout Phase"": ""II"", ""Stage"": ""Metastatic""}",,,,,,,,,0,,45222,,,,Cancer Vaccine,,,,,,,,,,,0.5,1900-01-01 00:00:00,,6,II,,,,,Metastatic,,,,,,,,
6,+ KEYTRUDA 1L HNSCC,F,HB-200,HOOK,BIC,45447,"{""CR (Confirmed)"": ""0.11"", ""Date"": ""45447"", ""Innovation"": ""Cancer Vaccine"", ""Median Follow-Up"": ""8.4"", ""Median OS"": ""-"", ""Median PFS"": ""-"", ""ORR (Confirmed)"": ""0.37"", ""PFS >= 6 Mo"": ""-"", ""Patient Number"": ""35"", ""Readout Phase"": ""II"", ""Result"": ""Continuing"", ""Stage"": ""HPV-16 Pos""}",,,,,,,,,0.11,,45447,,,,Cancer Vaccine,,,,,8.4,-,-,,,,0.37,-,,35,II,,Continuing,,,HPV-16 Pos,,,,,,,,
6,+ KEYTRUDA 1L HNSCC,G,mRNA-4157,MRNA,AVG,44146,"{""CR (Confirmed)"": ""0.2"", ""Date"": ""44146"", ""Innovation"": ""Cancer Vaccine"", ""Median Follow-Up"": ""-"", ""Median OS"": ""-"", ""Median PFS"": ""9.8"", ""ORR (Confirmed)"": ""0.5"", ""PFS >= 6 Mo"": ""-"", ""Patient Number"": ""10"", ""Readout Phase"": ""I"", ""Result"": ""Continuing"", ""Stage"": ""Advanced/Metastatic""}",,,,,,,,,0.2,,44146,,,,Cancer Vaccine,,,,,-,-,9.8,,,,0.5,-,,10,I,,Continuing,,,Advanced/Metastatic,,,,,,,,
6,+ KEYTRUDA 1L HNSCC,I,Enoblituzumab,MGNX,AVG,43415,"{""CR (Confirmed)"": ""0"", ""Date"": ""43415"", ""Innovation"": ""Mono Antibody"", ""Median Follow-Up"": ""-"", ""Median OS"": ""-"", ""Median PFS"": ""-"", ""ORR (Confirmed)"": ""0.333"", ""PFS >= 6 Mo"": ""-"", ""Patient Number"": ""18"", ""Readout Phase"": ""I"", ""Stage"": ""Any""}",,,,,,,,,0,,43415,,,,Mono Antibody,,,,,-,-,-,,,,0.333,-,,18,I,,,,,Any,,,,,,,,
6,+ KEYTRUDA 1L HNSCC,J,Belapectin,GALT,AVG,42773,"{""CR (Confirmed)"": ""0"", ""Date"": ""42773"", ""Innovation"": ""Molecule"", ""Median Follow-Up"": ""-"", ""Median OS"": ""-"", ""Median PFS"": ""-"", ""ORR (Confirmed)"": ""0.333"", ""PFS >= 6 Mo"": ""-"", ""Patient Number"": ""6"", ""Readout Phase"": ""I"", ""Result"": ""Into Phase II"", ""Stage"": ""Any""}",,,,,,,,,0,,42773,,,,Molecule,,,,,-,-,-,,,,0.333,-,,6,I,,Into Phase II,,,Any,,,,,,,,
6,+ KEYTRUDA 1L HNSCC,K,Versamune-HPV,PDSB,AVG,44707,"{""CR (Confirmed)"": ""0.118"", ""Date"": ""44707"", ""Innovation"": ""Peptide"", ""Median Follow-Up"": ""9"", ""Median OS"": ""-"", ""Median PFS"": ""-"", ""ORR (Confirmed)"": ""0.421"", ""PFS >= 6 Mo"": ""13:14:52.800000"", ""Patient Number"": ""17"", ""Readout Phase"": ""II"", ""Result"": ""Into Phase II"", ""Stage"": ""Metastativ/HPV-16-Pos""}",,,,,,,,,0.118,,44707,,,,Peptide,,,,,9,-,-,,,,0.421,13:14:52.800000,,17,II,,Into Phase II,,,Metastativ/HPV-16-Pos,,,,,,,,
6,+ KEYTRUDA 1L HNSCC,M,Cabometyx,EXEL,BIC,44707,"{""CR (Confirmed)"": ""0"", ""Date"": ""44707"", ""Innovation"": ""Oral"", ""Median Follow-Up"": ""10.6"", ""Median OS"": ""22.3"", ""Median PFS"": ""14.6"", ""ORR (Confirmed)"": ""0.54"", ""PFS >= 6 Mo"": ""-"", ""Patient Number"": ""47"", ""Readout Phase"": ""Investigator"", ""Result"": ""Continuing"", ""Stage"": ""Metastatic""}",,,,,,,,,0,,44707,,,,Oral,,,,,10.6,22.3,14.6,,,,0.54,-,,47,Investigator,,Continuing,,,Metastatic,,,,,,,,
6,+ KEYTRUDA 1L HNSCC,N,CUE-101,CUE,T1,45447,"{""CR (Confirmed)"": ""0"", ""Date"": ""45447"", ""Innovation"": ""Protein"", ""Median Follow-Up"": ""-"", ""Median OS"": ""20.8"", ""Median PFS"": ""5.8"", ""ORR (Confirmed)"": ""0.46"", ""PFS >= 6 Mo"": ""-"", ""Patient Number"": ""24"", ""Readout Phase"": ""I"", ""Result"": ""Into Phase II"", ""Stage"": ""Metastativ/HPV-16-Pos""}",,,,,,,,,0,,45447,,,,Protein,,,,,-,20.8,5.8,,,,0.46,-,,24,I,,Into Phase II,,,Metastativ/HPV-16-Pos,,,,,,,,
6,+ KEYTRUDA 1L HNSCC,O,IMP-321,IMMP,AVG,45470,"{""CR (Confirmed)"": ""0"", ""Date"": ""45470"", ""Innovation"": ""Protein"", ""Median Follow-Up"": ""-"", ""Median OS"": ""-"", ""Median PFS"": ""-"", ""ORR (Confirmed)"": ""0.328"", ""PFS >= 6 Mo"": ""-"", ""Patient Number"": ""29"", ""Readout Phase"": ""II"", ""Result"": ""Continuing"", ""Stage"": ""Metastatic""}",,,,,,,,,0,,45470,,,,Protein,,,,,-,-,-,,,,0.328,-,,29,II,,Continuing,,,Metastatic,,,,,,,,
6,+ KEYTRUDA 1L HNSCC,P,KEYTRUDA,,,,"{""CR (Confirmed)"": ""0"", ""Median OS"": ""3.4"", ""Median PFS"": ""3.4"", ""ORR (Confirmed)"": ""0.3"", ""Stage"": ""Metastatic""}",,,,,,,,,0,,,,,,,,,,,,3.4,3.4,,,,0.3,,,,,,,,,Metastatic,,,,,,,,
7,mCRPC Drug,E,LAVA-1207,LVTX,,,"{""Innovation"": ""BiTE""}",,,,,,,,,,,,,,,BiTE,,,,,,,,,,,,,,,,,,,,,,,,,,,,
7,mCRPC Drug,F,LAVA-1207,0,,44973,"{""Date"": ""44973"", ""Median Follow-Up"": ""-"", ""Median OS"": ""-"", ""Median rPFS"": ""-"", ""PR"": ""0"", ""Patient Number"": ""14"", ""Readout Phase"": ""I"", ""Response Evaluable Patient"": ""14"", ""Result"": ""Continuing"", ""Stable Disease Rate"": ""0.57"", ""Treatment Line"": ""2L"", ""≥50% PSA Decline Rate"": ""00:00:00"", ""≥90% PSA Decline Rate"": ""0""}",,,,,,,,,,,44973,,,,,,,,,-,-,,,-,,,,0,14,I,14,Continuing,,0.57,,,,2L,00:00:00,0,,,
7,mCRPC Drug,G,EC1169,NVS,,42065,"{""Date"": ""42065"", ""Innovation"": ""IV Molecule"", ""Median Follow-Up"": ""-"", ""Median OS"": ""-"", ""Median rPFS"": ""-"", ""PR"": ""0"", ""Patient Number"": ""7"", ""Readout Phase"": ""I"", ""Response Evaluable Patient"": ""7"", ""Result"": ""Suspended"", ""Stable Disease Rate"": ""0.5714"", ""Treatment Line"": ""2L"", ""≥50% PSA Decline Rate"": ""-"", ""≥90% PSA Decline Rate"": ""-""}",,,,,,,,,,,42065,,,,IV Molecule,,,,,-,-,,,-,,,,0,7,I,7,Suspended,,0.5714,,,,2L,-,-,,,
7,mCRPC Drug,I,JANX007,JANX,BIC,45348,"{""Date"": ""45348"", ""Innovation"": ""BiTE"", ""Median Follow-Up"": ""-"", ""Median OS"": ""-"", ""Median rPFS"": ""-"", ""PR"": ""-"", ""Patient Number"": ""18"", ""Readout Phase"": ""I"", ""Response Evaluable Patient"": ""-"", ""Result"": ""Continuing"", ""Stable Disease Rate"": ""-"", ""Treatment Line"": ""4+"", ""≥50% PSA Decline Rate"": ""56%/83% higher dosage"", ""≥90% PSA Decline Rate"": ""0.16""}",,,,,,,,,,,45348,,,,BiTE,,,,,-,-,,,-,,,,-,18,I,-,Continuing,,-,,,,4+,56%/83% higher dosage,0.16,,,
7,mCRPC Drug,J,Acapatamab,AMGN,AVG,44095,"{""Date"": ""44095"", ""Innovation"": ""BiTE"", ""Median Follow-Up"": ""-"", ""Median OS"": ""-"", ""Median rPFS"": ""-"", ""PR"": ""0.0555"", ""Patient Number"": ""22"", ""Readout Phase"": ""I"", ""Response Evaluable Patient"": ""18"", ""Result"": ""Continuing"", ""Stable Disease Rate"": ""0.3333"", ""Treatment Line"": ""2+"", ""≥50% PSA Decline Rate"": ""04:19:12"", ""≥90% PSA Decline Rate"": ""0.045""}",,,,,,,,,,,44095,,,,BiTE,,,,,-,-,,,-,,,,0.0555,22,I,18,Continuing,,0.3333,,,,2+,04:19:12,0.045,,,
7,mCRPC Drug,K,Lynparza,AZN,T1,43738,"{""1st Yr Sale (MM USD)"": ""150"", ""Date"": ""43738"", ""Innovation"": ""Oral"", ""Median Follow-Up"": ""-"", ""Median OS"": ""17.5"", ""Median rPFS"": ""5.8"", ""PR"": ""0.217"", ""Patient Number"": ""-"", ""Readout Phase"": ""III"", ""Response Evaluable Patient"": ""256"", ""Result"": ""Approved"", ""Stable Disease Rate"": ""-"", ""Treatment Line"": ""2L"", ""≥50% PSA Decline Rate"": ""-"", ""≥90% PSA Decline Rate"": ""-""}",,,150,,,,,,,,43738,,,,Oral,,,,,-,17.5,,,5.8,,,,0.217,-,III,256,Approved,,-,,,,2L,-,-,,,
7,mCRPC Drug,L,Pluvicto,NVS,T1,45222,"{""1st Yr Sale (MM USD)"": ""271"", ""Date"": ""45222"", ""Innovation"": ""IV Molecule"", ""Median Follow-Up"": ""-"", ""Median OS"": ""-"", ""Median rPFS"": ""12"", ""PR"": ""0.507"", ""Patient Number"": ""234"", ""Readout Phase"": ""III"", ""Response Evaluable Patient"": ""234"", ""Result"": ""Approved"", ""Stable Disease Rate"": ""-"", ""Treatment Line"": ""1L"", ""≥50% PSA Decline Rate"": ""13:49:26.400000"", ""≥90% PSA Decline Rate"": ""0""}",,,271,,,,,,,,45222,,,,IV Molecule,,,,,-,-,,,12,,,,0.507,234,III,234,Approved,,-,,,,1L,13:49:26.400000,0,,,
7,mCRPC Drug,M,Talzenna,PFE,AVG,43976,"{""1st Yr Sale (MM USD)"": ""2"", ""Date"": ""43976"", ""Innovation"": ""Oral"", ""Median Follow-Up"": ""-"", ""Median OS"": ""-"", ""Median rPFS"": ""-"", ""PR"": ""0.28"", ""Patient Number"": ""-"", ""Readout Phase"": ""II"", ""Response Evaluable Patient"": ""86"", ""Result"": ""Approved"", ""Stable Disease Rate"": ""0.512"", ""Treatment Line"": ""1L"", ""≥50% PSA Decline Rate"": ""-"", ""≥90% PSA Decline Rate"": ""-""}",,,2,,,,,,,,43976,,,,Oral,,,,,-,-,,,-,,,,0.28,-,II,86,Approved,,0.512,,,,1L,-,-,,,
7,mCRPC Drug,N,Zejula,GSK,T1,43510,"{""1st Yr Sale (MM USD)"": ""99"", ""Date"": ""43510"", ""Innovation"": ""Oral"", ""Median Follow-Up"": ""-"", ""Median OS"": ""-"", ""Median rPFS"": ""-"", ""PR"": ""0.38"", ""Patient Number"": ""-"", ""Readout Phase"": ""II"", ""Response Evaluable Patient"": ""29"", ""Result"": ""Approved"", ""Stable Disease Rate"": ""0.62"", ""Treatment Line"": ""1L"", ""≥50% PSA Decline Rate"": ""-"", ""≥90% PSA Decline Rate"": ""-""}",,,99,,,,,,,,43510,,,,Oral,,,,,-,-,,,-,,,,0.38,-,II,29,Approved,,0.62,,,,1L,-,-,,,
7,mCRPC Drug,O,Zytiga,JNJ,BIC,41790,"{""1st Yr Sale (MM USD)"": ""301"", ""Date"": ""41790"", ""Innovation"": ""Oral"", ""Median Follow-Up"": ""11.8"", ""Median OS"": ""-"", ""Median rPFS"": ""-"", ""PR"": ""-"", ""Patient Number"": ""18"", ""Readout Phase"": ""Ib"", ""Response Evaluable Patient"": ""-"", ""Result"": ""Approved"", ""Stable Disease Rate"": ""-"", ""Treatment Line"": ""1"", ""≥50% PSA Decline Rate"": ""21:36:00"", ""≥90% PSA Decline Rate"": ""0.7""}",,,301,,,,,,,,41790,,,,Oral,,,,,11.8,-,,,-,,,,-,18,Ib,-,Approved,,-,,,,1,21:36:00,0.7,,,
7,mCRPC Drug,P,Xtandi,,BIC,40698,"{""1st Yr Sale (MM USD)"": ""384"", ""Date"": ""40698"", ""Innovation"": ""Oral"", ""Median Follow-Up"": ""-"", ""Median OS"": ""-"", ""Median rPFS"": ""-"", ""PR"": ""-"", ""Patient Number"": ""55"", ""Readout Phase"": ""III"", ""Response Evaluable Patient"": ""-"", ""Result"": ""Approved"", ""Stable Disease Rate"": ""-"", ""Treatment Line"": ""3+"", ""≥50% PSA Decline Rate"": ""10:48:00"", ""≥90% PSA Decline Rate"": ""0.159""}",,,384,,,,,,,,40698,,,,Oral,,,,,-,-,,,-,,,,-,55,III,-,Approved,,-,,,,3+,10:48:00,0.159,,,
7,mCRPC Drug,Q,Pruxelutamide,4503 JP Equity,T1,43830,"{""Date"": ""43830"", ""Innovation"": ""Oral"", ""Median Follow-Up"": ""-"", ""Median OS"": ""-"", ""Median rPFS"": ""-"", ""PR"": ""0.158"", ""Patient Number"": ""98"", ""Readout Phase"": ""II"", ""Response Evaluable Patient"": ""19"", ""Result"": ""Continuing"", ""Stable Disease Rate"": ""0.632"", ""Treatment Line"": ""2L"", ""≥50% PSA Decline Rate"": ""10:03:21.600000"", ""≥90% PSA Decline Rate"": ""-""}",,,,,,,,,,,43830,,,,Oral,,,,,-,-,,,-,,,,0.158,98,II,19,Continuing,,0.632,,,,2L,10:03:21.600000,-,,,
7,mCRPC Drug,R,XmAb20717,4503 JP Equity,T1,45349,"{""Date"": ""45349"", ""Innovation"": ""Antibody"", ""Median Follow-Up"": ""-"", ""Median OS"": ""-"", ""Median rPFS"": ""-"", ""PR"": ""-"", ""Patient Number"": ""12"", ""Readout Phase"": ""II"", ""Response Evaluable Patient"": ""-"", ""Result"": ""Continuing"", ""Stable Disease Rate"": ""-"", ""Treatment Line"": ""3+"", ""≥50% PSA Decline Rate"": ""-"", ""≥90% PSA Decline Rate"": ""0.25""}",,,,,,,,,,,45349,,,,Antibody,,,,,-,-,,,-,,,,-,12,II,-,Continuing,,-,,,,3+,-,0.25,,,
7,mCRPC Drug,S,KEYTRUDA,4503 JP Equity,AVG,42650,"{""Date"": ""42650"", ""Innovation"": ""Antibody"", ""Median Follow-Up"": ""4.5"", ""Median OS"": ""-"", ""Median rPFS"": ""-"", ""PR"": ""-"", ""Patient Number"": ""20"", ""Readout Phase"": ""II"", ""Response Evaluable Patient"": ""-"", ""Result"": ""Continuing"", ""Stable Disease Rate"": ""-"", ""Treatment Line"": ""1L"", ""≥50% PSA Decline Rate"": ""04:48:00"", ""≥90% PSA Decline Rate"": ""0""}",,,,,,,,,,,42650,,,,Antibody,,,,,4.5,-,,,-,,,,-,20,II,-,Continuing,,-,,,,1L,04:48:00,0,,,
7,mCRPC Drug,T,FG-3246,BMY,AVG,44598,"{""Date"": ""44598"", ""Innovation"": ""Antibody"", ""Median Follow-Up"": ""7.75"", ""Median OS"": ""-"", ""Median rPFS"": ""-"", ""PR"": ""0.222"", ""Patient Number"": ""31"", ""Readout Phase"": ""II"", ""Response Evaluable Patient"": ""18"", ""Result"": ""Continuing"", ""Stable Disease Rate"": ""0.5556"", ""Treatment Line"": ""1L"", ""≥50% PSA Decline Rate"": ""07:45:07.200000"", ""≥90% PSA Decline Rate"": ""0""}",,,,,,,,,,,44598,,,,Antibody,,,,,7.75,-,,,-,,,,0.222,31,II,18,Continuing,,0.5556,,,,1L,07:45:07.200000,0,,,
7,mCRPC Drug,U,CONV 01-α,BMY,BIC,45033,"{""Date"": ""45033"", ""Innovation"": ""Antibody"", ""Median Follow-Up"": ""-"", ""Median OS"": ""-"", ""Median rPFS"": ""-"", ""PR"": ""-"", ""Patient Number"": ""23"", ""Readout Phase"": ""I/II"", ""Response Evaluable Patient"": ""-"", ""Result"": ""Continuing"", ""Stable Disease Rate"": ""-"", ""Treatment Line"": ""2L"", ""≥50% PSA Decline Rate"": ""16:48:00"", ""≥90% PSA Decline Rate"": ""0.26""}",,,,,,,,,,,45033,,,,Antibody,,,,,-,-,,,-,,,,-,23,I/II,-,Continuing,,-,,,,2L,16:48:00,0.26,,,
7,mCRPC Drug,V,ARV-766,,T1,45446,"{""Date"": ""45446"", ""Innovation"": ""Degrader"", ""Median Follow-Up"": ""-"", ""Median OS"": ""-"", ""Median rPFS"": ""-"", ""PR"": ""-"", ""Patient Number"": ""28"", ""Readout Phase"": ""II"", ""Response Evaluable Patient"": ""-"", ""Result"": ""Continuing"", ""Stable Disease Rate"": ""-"", ""Treatment Line"": ""2L"", ""≥50% PSA Decline Rate"": ""12:00:00"", ""≥90% PSA Decline Rate"": ""0""}",,,,,,,,,,,45446,,,,Degrader,,,,,-,-,,,-,,,,-,28,II,-,Continuing,,-,,,,2L,12:00:00,0,,,
7,mCRPC Drug,W,ARV-110,,T1,2020-12-14 00:00:00,"{""Date"": ""2020-12-14 00:00:00"", ""Innovation"": ""Degrader"", ""Median Follow-Up"": ""-"", ""Median OS"": ""-"", ""Median rPFS"": ""-"", ""PR"": ""0.2"", ""Patient Number"": ""5"", ""Readout Phase"": ""II"", ""Response Evaluable Patient"": ""5"", ""Result"": ""Continuing"", ""Stable Disease Rate"": ""-"", ""Treatment Line"": ""3+"", ""≥50% PSA Decline Rate"": ""0.4"", ""≥90% PSA Decline Rate"": ""0""}",,,,,,,,,,,2020-12-14 00:00:00,,,,Degrader,,,,,-,-,,,-,,,,0.2,5,II,5,Continuing,,-,,,,3+,0.4,0,,,
7,mCRPC Drug,Z,RG7450,,,2013-06-02 00:00:00,"{""Date"": ""2013-06-02 00:00:00"", ""Innovation"": ""Antibody"", ""Median Follow-Up"": ""-"", ""Median OS"": ""-"", ""Median rPFS"": ""-"", ""PR"": ""-"", ""Patient Number"": ""28"", ""Readout Phase"": ""I"", ""Response Evaluable Patient"": ""-"", ""Result"": ""Suspended"", ""Stable Disease Rate"": ""-"", ""Treatment Line"": ""3+"", ""≥50% PSA Decline Rate"": ""0.035"", ""≥90% PSA Decline Rate"": ""-""}",,,,,,,,,,,2013-06-02 00:00:00,,,,Antibody,,,,,-,-,,,-,,,,-,28,I,-,Suspended,,-,,,,3+,0.035,-,,,
8,IDH1 GBM Drug,E,Safusidenib,NUVB,AVG,43619,"{""12 Mo PFS"": ""\\"", ""1st Yr Sale (MM USD)"": ""\\"", ""24 Mo PFS"": ""\\"", ""6 Mo PFS"": ""\\"", ""DCR"": ""11:31:12"", ""Date"": ""43619"", ""Median Follow-Up"": ""\\"", ""Median rPFS"": ""\\"", ""ORR"": ""0.138"", ""Patient Number"": ""29"", ""Readout Phase"": ""1"", ""Result"": ""Continuing"", ""Target"": ""IDH1"", ""Treatment Line"": ""2+""}",\,,\,,\,\,,,,11:31:12,43619,,,,,,,,,\,,,,\,0.138,,,,29,1,,Continuing,,,,IDH1,,2+,,,,,
8,IDH1 GBM Drug,F,Voranigo,Les Lab,BIC,43252,"{""12 Mo PFS"": ""\\"", ""1st Yr Sale (MM USD)"": ""\\"", ""24 Mo PFS"": ""\\"", ""6 Mo PFS"": ""\\"", ""DCR"": ""18:00:00"", ""Date"": ""43252"", ""Median Follow-Up"": ""\\"", ""Median rPFS"": ""\\"", ""ORR"": ""0"", ""Patient Number"": ""52"", ""Readout Phase"": ""1"", ""Result"": ""Approved"", ""Target"": ""IDH1"", ""Treatment Line"": ""2+""}",\,,\,,\,\,,,,18:00:00,43252,,,,,,,,,\,,,,\,0,,,,52,1,,Approved,,,,IDH1,,2+,,,,,
8,IDH1 GBM Drug,H,Rezlidhia,RIGL,AVG,43979,"{""12 Mo PFS"": ""0.11"", ""1st Yr Sale (MM USD)"": ""\\"", ""24 Mo PFS"": ""\\"", ""6 Mo PFS"": ""0.87"", ""DCR"": ""12:00:00"", ""Date"": ""43979"", ""Median Follow-Up"": ""15.1"", ""Median rPFS"": ""8.3"", ""ORR"": ""0.043"", ""Patient Number"": ""23"", ""Readout Phase"": ""1"", ""Result"": ""Continuing"", ""Target"": ""IDH1"", ""Treatment Line"": ""2+""}",0.11,,\,,\,0.87,,,,12:00:00,43979,,,,,,,,,15.1,,,,8.3,0.043,,,,23,1,,Continuing,,,,IDH1,,2+,,,,,
8,IDH1 GBM Drug,J,Tibsovo,Les Lab,,43619,"{""12 Mo PFS"": ""\\"", ""1st Yr Sale (MM USD)"": ""\\"", ""24 Mo PFS"": ""\\"", ""6 Mo PFS"": ""\\"", ""DCR"": ""00:00:00"", ""Date"": ""43619"", ""Median Follow-Up"": ""\\"", ""Median rPFS"": ""\\"", ""ORR"": ""0"", ""Patient Number"": ""26"", ""Readout Phase"": ""1"", ""Result"": ""Suspended"", ""Target"": ""IDH1"", ""Treatment Line"": ""2""}",\,,\,,\,\,,,,00:00:00,43619,,,,,,,,,\,,,,\,0,,,,26,1,,Suspended,,,,IDH1,,2,,,,,
9,Biliary Tract Cancer (BTC),E,Tovecimig,CMPX,T1,44946,"{""12 Mo PFS"": ""/"", ""18 Mo OS"": ""/"", ""1st Yr Sale (MM USD)"": ""/"", ""24 Mo OS"": ""/"", ""24 Mo PFS"": ""/"", ""6 Mo PFS"": ""/"", ""BICR ORR"": ""/"", ""CR"": ""0"", ""DCR"": ""0.92"", ""Date"": ""44946"", ""Dosing Schedule"": ""/"", ""Evaluable Patients"": ""24"", ""Innovation"": ""/"", ""Latest Sale (MM USD)"": ""/"", ""Median DFS"": ""/"", ""Median Follow-Up"": ""/"", ""Median OS"": ""12.5"", ""Median PFS"": ""9.4"", ""Median rPFS"": ""/"", ""ORR"": ""0.375"", ""PR"": ""0.375"", ""Readout Phase"": ""II"", ""Result"": ""Phase 2 Completed"", ""Route"": ""IV"", ""Target"": ""DLL4, VEGF-A"", ""Treatment Line"": ""2L/3L"", ""≥G3 Clinical AE"": ""/"", ""≥G3 SAE/Patients"": ""0.958""}",/,/,/,/,/,/,/,0,,0.92,44946,/,24,,/,/,,,/,/,12.5,9.4,,/,0.375,,,0.375,,II,,Phase 2 Completed,IV,,,"DLL4, VEGF-A",,2L/3L,,,/,0.958,
9,Biliary Tract Cancer (BTC),F,Tovecimig,CMPX,T1,45748,"{""12 Mo PFS"": ""/"", ""18 Mo OS"": ""/"", ""1st Yr Sale (MM USD)"": ""/"", ""24 Mo OS"": ""/"", ""24 Mo PFS"": ""/"", ""6 Mo PFS"": ""/"", ""BICR ORR"": ""0.171"", ""CR"": ""NR"", ""DCR"": ""NR"", ""Date"": ""45748"", ""Dosing Schedule"": ""/"", ""Evaluable Patients"": ""168 (111 Combo, 57 Control)"", ""Innovation"": ""Bispecific (DLL4 x VEGF-A)"", ""Latest Sale (MM USD)"": ""/"", ""Median DFS"": ""/"", ""Median Follow-Up"": ""/"", ""Median OS"": ""NR (Due Q1 2026)"", ""Median PFS"": ""NR (Due Q1 2026)"", ""Median rPFS"": ""/"", ""ORR"": ""0.171"", ""PR"": ""NR"", ""Readout Phase"": ""II/III"", ""Result"": ""Phase 2/3 (Primary Endpoint Met)"", ""Route"": ""IV"", ""Target"": ""DLL4, VEGF-A"", ""Treatment Line"": ""2L"", ""≥G3 Clinical AE"": ""/"", ""≥G3 SAE/Patients"": ""NR""}",/,/,/,/,/,/,0.171,NR,,NR,45748,/,"168 (111 Combo, 57 Control)",,Bispecific (DLL4 x VEGF-A),/,,,/,/,NR (Due Q1 2026),NR (Due Q1 2026),,/,0.171,,,NR,,II/III,,Phase 2/3 (Primary Endpoint Met),IV,,,"DLL4, VEGF-A",,2L,,,/,NR,
9,Biliary Tract Cancer (BTC),G,Futibatinib,JAZZ,BIC,44714,"{""12 Mo PFS"": ""/"", ""18 Mo OS"": ""/"", ""1st Yr Sale (MM USD)"": ""/"", ""24 Mo OS"": ""/"", ""24 Mo PFS"": ""/"", ""6 Mo PFS"": ""/"", ""BICR ORR"": ""/"", ""CR"": ""/"", ""DCR"": ""/"", ""Date"": ""44714"", ""Dosing Schedule"": ""/"", ""Evaluable Patients"": ""103"", ""Innovation"": ""/"", ""Latest Sale (MM USD)"": ""/"", ""Median DFS"": ""/"", ""Median Follow-Up"": ""/"", ""Median OS"": ""20"", ""Median PFS"": ""8.9"", ""Median rPFS"": ""/"", ""ORR"": ""0.417"", ""PR"": ""/"", ""Readout Phase"": ""II"", ""Result"": ""Approved"", ""Route"": ""Oral"", ""Target"": ""FGFR1-4"", ""Treatment Line"": ""2L (FGFR2+)"", ""≥G3 Clinical AE"": ""/"", ""≥G3 SAE/Patients"": ""/""}",/,/,/,/,/,/,/,/,,/,44714,/,103,,/,/,,,/,/,20,8.9,,/,0.417,,,/,,II,,Approved,Oral,,,FGFR1-4,,2L (FGFR2+),,,/,/,
9,Biliary Tract Cancer (BTC),H,Ivosidenib,Private,AVG,44213,"{""12 Mo PFS"": ""/"", ""18 Mo OS"": ""/"", ""1st Yr Sale (MM USD)"": ""/"", ""24 Mo OS"": ""/"", ""24 Mo PFS"": ""/"", ""6 Mo PFS"": ""/"", ""BICR ORR"": ""/"", ""CR"": ""/"", ""DCR"": ""/"", ""Date"": ""44213"", ""Dosing Schedule"": ""/"", ""Evaluable Patients"": ""126"", ""Innovation"": ""/"", ""Latest Sale (MM USD)"": ""/"", ""Median DFS"": ""/"", ""Median Follow-Up"": ""/"", ""Median OS"": ""10.3"", ""Median PFS"": ""2.7"", ""Median rPFS"": ""/"", ""ORR"": ""0.024"", ""PR"": ""/"", ""Readout Phase"": ""III"", ""Result"": ""Approved"", ""Route"": ""Oral"", ""Target"": ""IDH1"", ""Treatment Line"": ""2L (IDH1+)"", ""≥G3 Clinical AE"": ""/"", ""≥G3 SAE/Patients"": ""/""}",/,/,/,/,/,/,/,/,,/,44213,/,126,,/,/,,,/,/,10.3,2.7,,/,0.024,,,/,,III,,Approved,Oral,,,IDH1,,2L (IDH1+),,,/,/,
9,Biliary Tract Cancer (BTC),I,Pemigatinib,INCY,T1,44743,"{""12 Mo PFS"": ""/"", ""18 Mo OS"": ""/"", ""1st Yr Sale (MM USD)"": ""/"", ""24 Mo OS"": ""/"", ""24 Mo PFS"": ""/"", ""6 Mo PFS"": ""/"", ""BICR ORR"": ""/"", ""CR"": ""/"", ""DCR"": ""/"", ""Date"": ""44743"", ""Dosing Schedule"": ""/"", ""Evaluable Patients"": ""108 (Cohort A)"", ""Innovation"": ""Small Molecule"", ""Latest Sale (MM USD)"": ""/"", ""Median DFS"": ""/"", ""Median Follow-Up"": ""/"", ""Median OS"": ""17.5"", ""Median PFS"": ""7"", ""Median rPFS"": ""/"", ""ORR"": ""0.37"", ""PR"": ""/"", ""Readout Phase"": ""II"", ""Result"": ""Approved"", ""Route"": ""Oral"", ""Target"": ""FGFR2"", ""Treatment Line"": ""2L (FGFR2+)"", ""≥G3 Clinical AE"": ""/"", ""≥G3 SAE/Patients"": ""0.64""}",/,/,/,/,/,/,/,/,,/,44743,/,108 (Cohort A),,Small Molecule,/,,,/,/,17.5,7,,/,0.37,,,/,,II,,Approved,Oral,,,FGFR2,,2L (FGFR2+),,,/,0.64,
9,Biliary Tract Cancer (BTC),J,Zanidatamab,JAZZ,AVG,45444,"{""12 Mo PFS"": ""/"", ""18 Mo OS"": ""/"", ""1st Yr Sale (MM USD)"": ""/"", ""24 Mo OS"": ""/"", ""24 Mo PFS"": ""/"", ""6 Mo PFS"": ""/"", ""BICR ORR"": ""/"", ""CR"": ""/"", ""DCR"": ""0.688"", ""Date"": ""45444"", ""Dosing Schedule"": ""/"", ""Evaluable Patients"": ""80 (Cohort 1)"", ""Innovation"": ""Bispecific (HER2)"", ""Latest Sale (MM USD)"": ""/"", ""Median DFS"": ""/"", ""Median Follow-Up"": ""/"", ""Median OS"": ""15.5"", ""Median PFS"": ""5.5"", ""Median rPFS"": ""/"", ""ORR"": ""0.413"", ""PR"": ""/"", ""Readout Phase"": ""IIb"", ""Result"": ""Approved"", ""Route"": ""IV"", ""Target"": ""HER2"", ""Treatment Line"": ""2L (HER2+)"", ""≥G3 Clinical AE"": ""/"", ""≥G3 SAE/Patients"": ""0.207""}",/,/,/,/,/,/,/,/,,0.688,45444,/,80 (Cohort 1),,Bispecific (HER2),/,,,/,/,15.5,5.5,,/,0.413,,,/,,IIb,,Approved,IV,,,HER2,,2L (HER2+),,,/,0.207,
9,Biliary Tract Cancer (BTC),K,Liposomal Irinotecan,Private / IPN,AVG,45035,"{""12 Mo PFS"": ""/"", ""18 Mo OS"": ""/"", ""1st Yr Sale (MM USD)"": ""/"", ""24 Mo OS"": ""/"", ""24 Mo PFS"": ""/"", ""6 Mo PFS"": ""/"", ""BICR ORR"": ""/"", ""CR"": ""/"", ""DCR"": ""/"", ""Date"": ""45035"", ""Dosing Schedule"": ""/"", ""Evaluable Patients"": ""88"", ""Innovation"": ""/"", ""Latest Sale (MM USD)"": ""/"", ""Median DFS"": ""/"", ""Median Follow-Up"": ""/"", ""Median OS"": ""8.6"", ""Median PFS"": ""4.2"", ""Median rPFS"": ""/"", ""ORR"": ""0.125"", ""PR"": ""/"", ""Readout Phase"": ""IIb"", ""Result"": ""Phase 2b (Positive)"", ""Route"": ""IV"", ""Target"": ""Topoisomerase I"", ""Treatment Line"": ""2L"", ""≥G3 Clinical AE"": ""/"", ""≥G3 SAE/Patients"": ""NR""}",/,/,/,/,/,/,/,/,,/,45035,/,88,,/,/,,,/,/,8.6,4.2,,/,0.125,,,/,,IIb,,Phase 2b (Positive),IV,,,Topoisomerase I,,2L,,,/,NR,
10,Colorectal Cancer (CRC),E,Tovecimig,CMPX,T1,46034,"{""12 Mo PFS"": ""/"", ""18 Mo OS"": ""/"", ""1st Yr Sale (MM USD)"": ""/"", ""24 Mo OS"": ""/"", ""24 Mo PFS"": ""/"", ""6 Mo PFS"": ""/"", ""BICR ORR"": ""/"", ""CR"": ""/"", ""DCR"": ""0.68"", ""Date"": ""46034"", ""Dosing Schedule"": ""/"", ""Evaluable Patients"": ""40"", ""Innovation"": ""/"", ""Latest Sale (MM USD)"": ""/"", ""Median DFS"": ""/"", ""Median Follow-Up"": ""/"", ""Median OS"": ""10.2"", ""Median PFS"": ""3.9"", ""Median rPFS"": ""/"", ""ORR"": ""0.05"", ""PR"": ""/"", ""Readout Phase"": ""II"", ""Result"": ""Phase 2 Completed"", ""Route"": ""IV"", ""Target"": ""/"", ""Treatment Line"": ""3L/4L"", ""≥G3 Clinical AE"": ""/"", ""≥G3 SAE/Patients"": ""0.653""}",/,/,/,/,/,/,/,/,,0.68,46034,/,40,,/,/,,,/,/,10.2,3.9,,/,0.05,,,/,,II,,Phase 2 Completed,IV,,,/,,3L/4L,,,/,0.653,
10,Colorectal Cancer (CRC),F,Fruquintinib,TAK,BIC,44816,"{""12 Mo PFS"": ""/"", ""18 Mo OS"": ""/"", ""1st Yr Sale (MM USD)"": ""/"", ""24 Mo OS"": ""/"", ""24 Mo PFS"": ""/"", ""6 Mo PFS"": ""/"", ""BICR ORR"": ""/"", ""CR"": ""/"", ""DCR"": ""/"", ""Date"": ""44816"", ""Dosing Schedule"": ""/"", ""Evaluable Patients"": ""461"", ""Innovation"": ""Oral VEGFR TKI"", ""Latest Sale (MM USD)"": ""/"", ""Median DFS"": ""/"", ""Median Follow-Up"": ""/"", ""Median OS"": ""7.4"", ""Median PFS"": ""3.7"", ""Median rPFS"": ""/"", ""ORR"": ""0.015"", ""PR"": ""/"", ""Readout Phase"": ""III"", ""Result"": ""Approved"", ""Route"": ""Oral"", ""Target"": ""/"", ""Treatment Line"": ""3L+"", ""≥G3 Clinical AE"": ""/"", ""≥G3 SAE/Patients"": ""0.627""}",/,/,/,/,/,/,/,/,,/,44816,/,461,,Oral VEGFR TKI,/,,,/,/,7.4,3.7,,/,0.015,,,/,,III,,Approved,Oral,,,/,,3L+,,,/,0.627,
10,Colorectal Cancer (CRC),G,Regorafenib,BAYN GR Equity,AVG,41061,"{""12 Mo PFS"": ""/"", ""18 Mo OS"": ""/"", ""1st Yr Sale (MM USD)"": ""/"", ""24 Mo OS"": ""/"", ""24 Mo PFS"": ""/"", ""6 Mo PFS"": ""/"", ""BICR ORR"": ""/"", ""CR"": ""/"", ""DCR"": ""/"", ""Date"": ""41061"", ""Dosing Schedule"": ""/"", ""Evaluable Patients"": ""505"", ""Innovation"": ""/"", ""Latest Sale (MM USD)"": ""/"", ""Median DFS"": ""/"", ""Median Follow-Up"": ""/"", ""Median OS"": ""6.4"", ""Median PFS"": ""1.9"", ""Median rPFS"": ""/"", ""ORR"": ""0.01"", ""PR"": ""/"", ""Readout Phase"": ""III"", ""Result"": ""Approved"", ""Route"": ""Oral"", ""Target"": ""/"", ""Treatment Line"": ""3L+"", ""≥G3 Clinical AE"": ""/"", ""≥G3 SAE/Patients"": ""/""}",/,/,/,/,/,/,/,/,,/,41061,/,505,,/,/,,,/,/,6.4,1.9,,/,0.01,,,/,,III,,Approved,Oral,,,/,,3L+,,,/,/,
10,Colorectal Cancer (CRC),H,Trifluridine/Tipiracil,Private,AVG,41818,"{""12 Mo PFS"": ""/"", ""18 Mo OS"": ""/"", ""1st Yr Sale (MM USD)"": ""/"", ""24 Mo OS"": ""/"", ""24 Mo PFS"": ""/"", ""6 Mo PFS"": ""/"", ""BICR ORR"": ""/"", ""CR"": ""/"", ""DCR"": ""/"", ""Date"": ""41818"", ""Dosing Schedule"": ""/"", ""Evaluable Patients"": ""534"", ""Innovation"": ""/"", ""Latest Sale (MM USD)"": ""/"", ""Median DFS"": ""/"", ""Median Follow-Up"": ""/"", ""Median OS"": ""7.1"", ""Median PFS"": ""2"", ""Median rPFS"": ""/"", ""ORR"": ""0.016"", ""PR"": ""/"", ""Readout Phase"": ""III"", ""Result"": ""Approved"", ""Route"": ""Oral"", ""Target"": ""/"", ""Treatment Line"": ""3L+"", ""≥G3 Clinical AE"": ""/"", ""≥G3 SAE/Patients"": ""/""}",/,/,/,/,/,/,/,/,,/,41818,/,534,,/,/,,,/,/,7.1,2,,/,0.016,,,/,,III,,Approved,Oral,,,/,,3L+,,,/,/,
11,RCC 2L Post-IO,E,CTX-10726,CMPX,AVG,2025-11-07 00:00:00,"{""Date"": ""2025-11-07 00:00:00"", ""Innovation"": ""BsAb (PD-1 x VEGF-A)"", ""Market Reaction (+1d)"": ""0"", ""Market Reaction (-1d)"": ""-0.0017"", ""Readout Phase"": ""Preclinical"", ""Result"": ""Preclinical"", ""Total Treatment Line"": ""2L+"", ""Treatment Line"": ""2L+ (Post-IO/TKI)""}",,,,,,,,,,,2025-11-07 00:00:00,,,,BsAb (PD-1 x VEGF-A),,0,-0.0017,,,,,,,,,,,,Preclinical,,Preclinical,,,,,2L+,2L+ (Post-IO/TKI),,,,,
11,RCC 2L Post-IO,F,Belzutifan,MRK,T1,2024-09-13 00:00:00,"{""CR"": ""0.035"", ""Date"": ""2024-09-13 00:00:00"", ""Evaluable Patients"": ""374"", ""Innovation"": ""HIF-2a Inhibitor"", ""Latest Sale (MM USD)"": ""150"", ""Median OS"": ""21.4"", ""Median PFS"": ""5.6"", ""ORR"": ""0.227"", ""Readout Phase"": ""III"", ""Result"": ""Approved"", ""Total Treatment Line"": ""2L+"", ""Treatment Line"": ""2L+ (Post-IO/TKI)"", ""≥G3 clinical AE"": ""Anemia, Hypoxia""}",,,,,,,,0.035,,,2024-09-13 00:00:00,,374,,HIF-2a Inhibitor,150,,,,,21.4,5.6,,,0.227,,,,,III,,Approved,,,,,2L+,2L+ (Post-IO/TKI),,,,,"Anemia, Hypoxia"
11,RCC 2L Post-IO,G,Cabozantinib,EXEL,AVG,2016-06-05 00:00:00,"{""Date"": ""2016-06-05 00:00:00"", ""Evaluable Patients"": ""330"", ""Innovation"": ""TKI (MET/VEGF/AXL)"", ""Latest Sale (MM USD)"": ""1600"", ""Median OS"": ""21.4"", ""Median PFS"": ""7.4"", ""ORR"": ""0.17"", ""Readout Phase"": ""III"", ""Result"": ""Approved"", ""Total Treatment Line"": ""2L"", ""Treatment Line"": ""2L"", ""≥G3 SAE/Patients"": ""0.71"", ""≥G3 clinical AE"": ""HTN, Diarrhea, Fatigue""}",,,,,,,,,,,2016-06-05 00:00:00,,330,,TKI (MET/VEGF/AXL),1600,,,,,21.4,7.4,,,0.17,,,,,III,,Approved,,,,,2L,2L,,,,0.71,"HTN, Diarrhea, Fatigue"
11,RCC 2L Post-IO,H,Ivonescimab,SMMT,T1,,"{""Innovation"": ""BsAb (PD-1 x VEGF)"", ""Readout Phase"": ""II"", ""Result"": ""Phase 2"", ""Total Treatment Line"": ""2L+"", ""Treatment Line"": ""2L+ (Post-IO)""}",,,,,,,,,,,,,,,BsAb (PD-1 x VEGF),,,,,,,,,,,,,,,II,,Phase 2,,,,,2L+,2L+ (Post-IO),,,,,
12,HCC 2L,E,Regorafenib,BAYN GR Equity,AVG,2017-01-01 00:00:00,"{""CR"": ""0.01"", ""DCR"": ""0.65"", ""Date"": ""2017-01-01 00:00:00"", ""Evaluable Patients"": ""379"", ""Innovation"": ""TKI"", ""Median OS"": ""10.6"", ""Median PFS"": ""3.1"", ""ORR"": ""0.11"", ""PR"": ""0.1"", ""Readout Phase"": ""III"", ""Result"": ""Approved"", ""Total Treatment Line"": ""2L"", ""Treatment Line"": ""2L (Post-Sorafenib)"", ""≥G3 SAE/Patients"": ""0.67"", ""≥G3 clinical AE"": ""HTN, HFSR, Fatigue""}",,,,,,,,0.01,,0.65,2017-01-01 00:00:00,,379,,TKI,,,,,,10.6,3.1,,,0.11,,,0.1,,III,,Approved,,,,,2L,2L (Post-Sorafenib),,,,0.67,"HTN, HFSR, Fatigue"
12,HCC 2L,F,Ivonescimab,9926 HK Equity,BIC,2025-05-28 00:00:00,"{""DCR"": ""0.917"", ""Date"": ""2025-05-28 00:00:00"", ""Evaluable Patients"": ""12"", ""Innovation"": ""BsAb (PD-1 x VEGF)"", ""ORR"": ""0.417"", ""Readout Phase"": ""II"", ""Result"": ""Phase 2"", ""Total Treatment Line"": ""1L"", ""Treatment Line"": ""1L Unresectable (+ HAIC)"", ""≥G3 SAE/Patients"": ""0.22"", ""≥G3 clinical AE"": ""Thrombocytopenia""}",,,,,,,,,,0.917,2025-05-28 00:00:00,,12,,BsAb (PD-1 x VEGF),,,,,,,,,,0.417,,,,,II,,Phase 2,,,,,1L,1L Unresectable (+ HAIC),,,,0.22,Thrombocytopenia
12,HCC 2L,G,Cabozantinib,EXEL,AVG,,"{""Innovation"": ""TKI"", ""Latest Sale (MM USD)"": ""1600"", ""Median OS"": ""10.2"", ""Median PFS"": ""5.2"", ""ORR"": ""0.04"", ""Readout Phase"": ""III"", ""Result"": ""Approved"", ""Total Treatment Line"": ""2L/3L"", ""Treatment Line"": ""2L/3L""}",,,,,,,,,,,,,,,TKI,1600,,,,,10.2,5.2,,,0.04,,,,,III,,Approved,,,,,2L/3L,2L/3L,,,,,
13,Endometrial Cancer pMMR,E,Lenva+Pembro,ESALY,BIC,2026-02-19 00:00:00,"{""Date"": ""2026-02-19 00:00:00"", ""Evaluable Patients"": ""411"", ""Innovation"": ""Combo TKI + IO"", ""Median OS"": ""18"", ""Median PFS"": ""7.3"", ""ORR"": ""0.338"", ""Readout Phase"": ""III"", ""Result"": ""Approved"", ""Total Treatment Line"": ""2L"", ""Treatment Line"": ""2L (Post-Platinum, pMMR)"", ""≥G3 SAE/Patients"": ""0.889"", ""≥G3 clinical AE"": ""HTN, Hypothyroid, Diarrhea""}",,,,,,,,,,,2026-02-19 00:00:00,,411,,Combo TKI + IO,,,,,,18,7.3,,,0.338,,,,,III,,Approved,,,,,2L,"2L (Post-Platinum, pMMR)",,,,0.889,"HTN, Hypothyroid, Diarrhea"
14,Melanoma Post-PD1 (NCAM+),E,CTX-471,CMPX,T1,2024-06-06 00:00:00,"{""CR"": ""0"", ""Date"": ""2024-06-06 00:00:00"", ""Evaluable Patients"": ""11"", ""Innovation"": ""CD137 Agonist (NCAM)"", ""Market Reaction (+1d)"": ""-0.0625"", ""Market Reaction (-1d)"": ""0.032258"", ""ORR"": ""0.27"", ""PR"": ""0.27"", ""Readout Phase"": ""I"", ""Result"": ""Phase 1"", ""Total Treatment Line"": ""2L+"", ""Treatment Line"": ""Post-PD1 (NCAM+)"", ""≥G3 SAE/Patients"": ""0.2"", ""≥G3 clinical AE"": ""Thrombocytopenia""}",,,,,,,,0,,,2024-06-06 00:00:00,,11,,CD137 Agonist (NCAM),,-0.0625,0.032258,,,,,,,0.27,,,0.27,,I,,Phase 1,,,,,2L+,Post-PD1 (NCAM+),,,,0.2,Thrombocytopenia
14,Melanoma Post-PD1 (NCAM+),F,Lifileucel (Amtagvi),IOVA,BIC,2024-02-16 00:00:00,"{""CR"": ""0.041"", ""Date"": ""2024-02-16 00:00:00"", ""Evaluable Patients"": ""73"", ""Innovation"": ""Autologous TIL"", ""Median OS"": ""13.9"", ""Median PFS"": ""4.1"", ""ORR"": ""0.315"", ""PR"": ""0.274"", ""Readout Phase"": ""II"", ""Result"": ""Approved"", ""Total Treatment Line"": ""2L+"", ""Treatment Line"": ""Post-PD1/BRAF"", ""≥G3 SAE/Patients"": ""0.955"", ""≥G3 clinical AE"": ""Thrombocytopenia, Anemia, FN""}",,,,,,,,0.041,,,2024-02-16 00:00:00,,73,,Autologous TIL,,,,,,13.9,4.1,,,0.315,,,0.274,,II,,Approved,,,,,2L+,Post-PD1/BRAF,,,,0.955,"Thrombocytopenia, Anemia, FN"
15,SCLC 3L+,E,CTX-471,CMPX,AVG,2024-06-06 00:00:00,"{""CR"": ""0.33"", ""DCR"": ""0.66"", ""Date"": ""2024-06-06 00:00:00"", ""Evaluable Patients"": ""3"", ""Innovation"": ""CD137 Agonist"", ""Market Reaction (+1d)"": ""-0.0625"", ""Market Reaction (-1d)"": ""0.032258"", ""ORR"": ""0.33"", ""PR"": ""0"", ""Readout Phase"": ""I"", ""Result"": ""Phase 1"", ""Total Treatment Line"": ""3L+"", ""Treatment Line"": ""3L+ (NCAM+)""}",,,,,,,,0.33,,0.66,2024-06-06 00:00:00,,3,,CD137 Agonist,,-0.0625,0.032258,,,,,,,0.33,,,0,,I,,Phase 1,,,,,3L+,3L+ (NCAM+),,,,,
15,SCLC 3L+,F,Tarlatamab (Imdelltra),AMGN,BIC,2023-10-20 00:00:00,"{""CR"": ""0.01"", ""Date"": ""2023-10-20 00:00:00"", ""Evaluable Patients"": ""100"", ""Innovation"": ""BiTE (DLL3 x CD3)"", ""Median OS"": ""14.3"", ""Median PFS"": ""4.9"", ""ORR"": ""0.4"", ""PR"": ""0.39"", ""Readout Phase"": ""II"", ""Result"": ""Approved"", ""Total Treatment Line"": ""3L+"", ""Treatment Line"": ""3L+"", ""≥G3 SAE/Patients"": ""0.3"", ""≥G3 clinical AE"": ""CRS, Cytopenia""}",,,,,,,,0.01,,,2023-10-20 00:00:00,,100,,BiTE (DLL3 x CD3),,,,,,14.3,4.9,,,0.4,,,0.39,,II,,Approved,,,,,3L+,3L+,,,,0.3,"CRS, Cytopenia"
15,SCLC 3L+,G,Lurbinectedin,JAZZ,T1,2020-04-06 00:00:00,"{""Date"": ""2020-04-06 00:00:00"", ""Evaluable Patients"": ""105"", ""Innovation"": ""Transcription Inhib."", ""Median OS"": ""9.3"", ""Median PFS"": ""3.5"", ""ORR"": ""0.352"", ""Readout Phase"": ""II"", ""Result"": ""Approved"", ""Total Treatment Line"": ""2L/3L"", ""Treatment Line"": ""2L/3L"", ""≥G3 SAE/Patients"": ""0.46"", ""≥G3 clinical AE"": ""Neutropenia""}",,,,,,,,,,,2020-04-06 00:00:00,,105,,Transcription Inhib.,,,,,,9.3,3.5,,,0.352,,,,,II,,Approved,,,,,2L/3L,2L/3L,,,,0.46,Neutropenia
15,SCLC 3L+,H,I-DXd (DS-7300),4568 JP Equity,BIC,2023-09-10 00:00:00,"{""Date"": ""2023-09-10 00:00:00"", ""Innovation"": ""ADC (B7-H3)"", ""Median PFS"": ""5.5"", ""ORR"": ""0.52"", ""Readout Phase"": ""II"", ""Result"": ""Phase 2"", ""Total Treatment Line"": ""3L+"", ""Treatment Line"": ""3L+""}",,,,,,,,,,,2023-09-10 00:00:00,,,,ADC (B7-H3),,,,,,,5.5,,,0.52,,,,,II,,Phase 2,,,,,3L+,3L+,,,,,
16,NSCLC 2L Post-CPI,E,CTX-8371,CMPX,AVG,2026-01-06 00:00:00,"{""Date"": ""2026-01-06 00:00:00"", ""Innovation"": ""BsAb (PD-1 x PD-L1)"", ""Market Reaction (+1d)"": ""0"", ""Market Reaction (-1d)"": ""-0.016"", ""Readout Phase"": ""I"", ""Result"": ""Phase 1"", ""Total Treatment Line"": ""2L+"", ""Treatment Line"": ""2L+ (Post-CPI)"", ""≥G3 clinical AE"": ""No DLTs""}",,,,,,,,,,,2026-01-06 00:00:00,,,,BsAb (PD-1 x PD-L1),,0,-0.016,,,,,,,,,,,,I,,Phase 1,,,,,2L+,2L+ (Post-CPI),,,,,No DLTs
16,NSCLC 2L Post-CPI,F,Ivonescimab,SMMT,BIC,2025-09-07 00:00:00,"{""Date"": ""2025-09-07 00:00:00"", ""Evaluable Patients"": ""345"", ""Innovation"": ""BsAb (PD-1 x VEGF)"", ""Median OS"": ""16.8"", ""Median PFS"": ""6.8"", ""ORR"": ""0.447"", ""Readout Phase"": ""III"", ""Result"": ""Phase 3 Positive"", ""Total Treatment Line"": ""2L"", ""Treatment Line"": ""2L (Post-TKI/CPI)"", ""≥G3 SAE/Patients"": ""0.5"", ""≥G3 clinical AE"": ""Chemo + HTN""}",,,,,,,,,,,2025-09-07 00:00:00,,345,,BsAb (PD-1 x VEGF),,,,,,16.8,6.8,,,0.447,,,,,III,,Phase 3 Positive,,,,,2L,2L (Post-TKI/CPI),,,,0.5,Chemo + HTN
16,NSCLC 2L Post-CPI,G,Dato-DXd,AZN,T1,2024-09-09 00:00:00,"{""Date"": ""2024-09-09 00:00:00"", ""Evaluable Patients"": ""604"", ""Innovation"": ""ADC (TROP2)"", ""Median OS"": ""14.6"", ""Median PFS"": ""5.5"", ""ORR"": ""0.312"", ""Readout Phase"": ""III"", ""Result"": ""Phase 3"", ""Total Treatment Line"": ""2L+"", ""Treatment Line"": ""2L+ (Nonsquamous)"", ""≥G3 SAE/Patients"": ""0.26"", ""≥G3 clinical AE"": ""Stomatitis, ILD""}",,,,,,,,,,,2024-09-09 00:00:00,,604,,ADC (TROP2),,,,,,14.6,5.5,,,0.312,,,,,III,,Phase 3,,,,,2L+,2L+ (Nonsquamous),,,,0.26,"Stomatitis, ILD"
17,TNBC 2L Post-CPI,E,CTX-8371,CMPX,AVG,2026-01-06 00:00:00,"{""Date"": ""2026-01-06 00:00:00"", ""Innovation"": ""BsAb (PD-1 x PD-L1)"", ""Market Reaction (+1d)"": ""0"", ""Market Reaction (-1d)"": ""-0.016"", ""Readout Phase"": ""I"", ""Result"": ""Phase 1"", ""Total Treatment Line"": ""2L+"", ""Treatment Line"": ""2L+ (Post-CPI)"", ""≥G3 clinical AE"": ""No DLTs (32wk durable PR)""}",,,,,,,,,,,2026-01-06 00:00:00,,,,BsAb (PD-1 x PD-L1),,0,-0.016,,,,,,,,,,,,I,,Phase 1,,,,,2L+,2L+ (Post-CPI),,,,,No DLTs (32wk durable PR)
17,TNBC 2L Post-CPI,F,Sacituzumab Govitecan,GILD,BIC,2024-03-13 00:00:00,"{""Date"": ""2024-03-13 00:00:00"", ""Evaluable Patients"": ""529"", ""Innovation"": ""ADC (TROP2)"", ""Latest Sale (MM USD)"": ""1400"", ""Median OS"": ""12.1"", ""Median PFS"": ""5.6"", ""ORR"": ""0.35"", ""Readout Phase"": ""III"", ""Result"": ""Approved"", ""Total Treatment Line"": ""3L+"", ""Treatment Line"": ""3L+"", ""≥G3 SAE/Patients"": ""0.51"", ""≥G3 clinical AE"": ""Neutropenia, Diarrhea""}",,,,,,,,,,,2024-03-13 00:00:00,,529,,ADC (TROP2),1400,,,,,12.1,5.6,,,0.35,,,,,III,,Approved,,,,,3L+,3L+,,,,0.51,"Neutropenia, Diarrhea"
17,TNBC 2L Post-CPI,G,Dato-DXd,AZN,T1,2024-04-23 00:00:00,"{""Date"": ""2024-04-23 00:00:00"", ""Evaluable Patients"": ""44"", ""Innovation"": ""ADC (TROP2)"", ""Median OS"": ""13.5"", ""Median PFS"": ""4.4"", ""ORR"": ""0.318"", ""Readout Phase"": ""I/II"", ""Result"": ""Phase 1b/2"", ""Total Treatment Line"": ""2L+"", ""Treatment Line"": ""2L+""}",,,,,,,,,,,2024-04-23 00:00:00,,44,,ADC (TROP2),,,,,,13.5,4.4,,,0.318,,,,,I/II,,Phase 1b/2,,,,,2L+,2L+,,,,,
18,cHL Post-CPI (Salvage),E,CTX-8371,CMPX,T1,2026-01-06 00:00:00,"{""Date"": ""2026-01-06 00:00:00"", ""Innovation"": ""BsAb (PD-1 x PD-L1)"", ""Market Reaction (+1d)"": ""0"", ""Market Reaction (-1d)"": ""-0.016"", ""Readout Phase"": ""I"", ""Result"": ""Phase 1"", ""Total Treatment Line"": ""Salvage"", ""Treatment Line"": ""Post-CPI/BV (Salvage)"", ""≥G3 clinical AE"": ""No DLTs""}",,,,,,,,,,,2026-01-06 00:00:00,,,,BsAb (PD-1 x PD-L1),,0,-0.016,,,,,,,,,,,,I,,Phase 1,,,,,Salvage,Post-CPI/BV (Salvage),,,,,No DLTs
18,cHL Post-CPI (Salvage),F,AFM13 + AlloNK,AFMD,BIC,2025-05-28 00:00:00,"{""CR"": ""0.58"", ""Date"": ""2025-05-28 00:00:00"", ""Evaluable Patients"": ""24"", ""Innovation"": ""ICE + NK Cell Therapy"", ""ORR"": ""0.88"", ""PR"": ""0.3"", ""Readout Phase"": ""II"", ""Result"": ""Phase 2"", ""Total Treatment Line"": ""R/R"", ""Treatment Line"": ""R/R (Post-BV/CPI)"", ""≥G3 SAE/Patients"": ""0.5"", ""≥G3 clinical AE"": ""Infusion/Cytopenia""}",,,,,,,,0.58,,,2025-05-28 00:00:00,,24,,ICE + NK Cell Therapy,,,,,,,,,,0.88,,,0.3,,II,,Phase 2,,,,,R/R,R/R (Post-BV/CPI),,,,0.5,Infusion/Cytopenia
